Adam-and-Eve	Arum maculatum	1
African Wonder Tree	Ricinus communis	1
Alocasia	Alocasia spp.	1
Aloe	Aloe vera	1
Amaryllis	Amaryllis spp.	1
Ambrosia Mexicana	Chenopodium botrys	1
American Bittersweet	Celastrus scandens	1
American Holly	Ilex opaca	1
American Mandrake	Podophyllum peltatum	1
American Yew	Taxus canadensus	1
Andromeda Japonica	Pieris japonica	1
Angelica Tree	Aralia spinosa	1
Apple	Malus sylvestrus	1
Apricot	Prunus armeniaca	1
Arrow-Head Vine	Syngonium podophyllum	1
Arum	Arum maculatum	1
Arum Lily	Zantedeschia aethiopica	1
Asian Lily	Lilium asiatica	1
Asparagus Fern	Asparagus densiflorus cv sprengeri	1
Australian Ivy Palm	Brassaia actinophylla	1
Autumn Crocus	Colchicum autumnale	1
Azalea	Rhododendron spp	1
Baby Doll Ti Plant	Cordyline terminalis	1
Barbados Aloe	Aloe barbadensis	1
Barbados Lily	Hippeastrum spp.	1
Barbados Pride	Caesalpinia pulcherrima	1
Barbados Pride 2	Poinciana gilliesii	1
Bay Laurel	Laurus nobilis	1
Bead Tree	Melia azedarach	1
Begonia	Begonia spp.	1
Bergamot Orange	Citrus Aurantium	1
Bird of Paradise	Caesalpinia gilliesii	1
Bird of Paradise 2	Poinciana gilliesii	1
Bird of Paradise Flower	Strelitzia reginae	1
Bird's Tongue Flower	Strelitzia reginae	1
Bishop's Weed	Ammi majus	1
Bitter Root	Apocynum androsaemifolium	1
Black Calla	Arum palestinum	1
Black Cherry	Prunus serotina	1
Black Laurel	Leucothoe spp.	1
Black Nightshade	Solanum nigrum	1
Bobbins	Arum maculatum	1
Bog Laurel	Kalmia poliifolia	1
Borage	Borage officinalis	1
Boxwood	Buxus spp.	1
Branching Ivy	Hedera helix	1
Brazilwood	Poinciana gilliesii	1
Bread and Butter Plant	Coleus ampoinicus	1
Brunfelsia	Brunfelsia species	1
Buckeye	Aesculus spp	1
Buckwheat	Fagopyrum spp.	1
Buddhist Pine	Podocarpus macrophylla	1
Burning Bush	Euonymus atropurpurea	1
Buttercup	Ranunculus spp.	1
Butterfly Iris	Iris spuria	1
Caladium	Caladium hortulanum	1
Calamondin Orange	Citrus mitis	1
California Ivy	Hedera helix	1
Calla Lily	Zantedeschia aethiopica	1
Cape Jasmine	Gardenia jasminoides	1
Caraway	Carum carvi	1
Cardboard Cycad	Zamia furfuracea	1
Cardboard Palm	Zamia spp.	1
Cardinal Flower	Lobelia cardinalis	1
Carnation	Dianthus caryophyllus	1
Castor Bean Plant	Ricinus communis	1
Catnip	Nepeta cataria	1
Ceriman	Monstera deliciosa	1
Chamomile	Anthemis nobilis	1
Chandelier Plant	Kalanchoe tubiflora	1
Charming Dieffenbachia	Dieffenbachia amoena	1
Cherry	Prunus spp.	1
Chinaberry Tree	Melia azedarach	1
Chinese Evergreen	Aglaonema modestum	1
Chinese Jade	Crassula arborescens	1
Chives	Allium schoenoprasum	1
Choke Cherry	Prunus virginiana	1
Christmas Rose	Helleborus niger	1
Chrysanthemum	Chrysanthemum spp.	1
Clematis	Clematis spp.	1
Climbing Bittersweet	Celastrus scandens	1
Climbing Lily	Gloriosa superba	1
Climbing Nightshade	Solanum dulcamara	1
Clivia Lily	Clivia spp.	1
Clusia Rosea	Clusia major	1
Coffee Tree	Polyscias guilfoylei	1
Coleus	Coleus ampoinicus	1
Common Privet	Ligustrum vulgare	1
Coontie Palm	Zamia pumila	1
Copperleaf	Acalypha godseffiana	1
Cordatum	Philodendron oxycardium	1
Corn Plant	Dracaena fragrans	1
Cornstalk Plant	Dracaena fragrans	1
Cow parsnip	Heracleum maximum	1
Cowbane	Cicuta species	1
Cuckoo-pint	Arum maculatum	1
Cutleaf Philodendron	Monstera deliciosa	1
Cycads	Cycas and Zamia species	1
Cyclamen	Cyclamen spp	1
Daffodil	Narcissus spp	1
Dahlia	Dahlia species	1
Daisy	Chrysanthemum species	1
Day Lilies	Hemerocallis spp.	1
Deadly Nightshade	Solanum spp	1
Desert Azalea	Adenium obesum	1
Desert Rose	Adenium obesum	1
Devil's Backbone	Kalanchoe tubiflora	1
Devils Ivy	Epipremnum aureum	1
Dieffenbachia	Dieffenbachia	1
Dock	Rumex sp.	1
Dog Daisy	Achillea millefolium	1
Dog Hobble	Leucothoe sp.	1
Dogbane Hemp	Apocynum spp.	1
Dracaena	Dracaena spp.	1
Dumbcane	Dieffenbachia	1
Dwarf Poinciana	Caesalpinia pulcherrima	1
Easter Lily	Lilium longiflorum	1
Easter Rose	Helleborus niger	1
Eastern Star	Dianthus spp.	1
Elephant Ears	Caladium hortulanum	1
Elephant Ears	Colocasia esculenta	1
Elephant-Ear Begonia	Begonia scharfii	1
Emerald Feather	Asparagus densiflorus	1
English Holly	Ilex aquifolium	1
English Ivy	Hedera helix	1
English Yew	Taxus baccata	1
Epazote	Chenopodium ambrosioides	1
Eucalyptus	Eucalyptus species	1
European Bittersweet	Solanum dulcamara	1
European Holly	Ilex aquifolium	1
Exotica	Dieffenbachia amoena	1
False Bittersweet	Celastrus scandens	1
False Queen Anne's Lace	Ammi majus	1
Feather Geranium	Ambrosia mexicana	1
Fern Palm	Zamia spp.	1
Fetter Bush	Leucothoe spp.	1
Fetterbush	Lyonia spp.	1
Fiddle-Leaf	Philodendron bipennifolium	1
Fig	Ficus benjamina	1
Figwort	Ranunculus acris	1
Fire Lily	Hippeastrum spp.	1
Flag	Iris species	1
Flamingo Flower	Anthurium scherzeranum	1
Fleabane	Erigeron speciosus	1
Florida Beauty	Dracaena surculosa	1
Florist's Calla	Zantedeschia aethiopica	1
Foxglove	Digitalis purpurea	1
Foxtail	Acalypha hispida	1
Franciscan Rain Tree	Brunfelsia species	1
Garden Calla	Zantedeschia aethiopica	1
Garden Chamomile	Anthemis nobilis	1
Garden Hyacinth	Hyacinthus orientalis	1
Gardenia	Gardenia jasminoides	1
Garlic	Allium sativum	1
Geranium	Pelargonium species	1
Geranium-Leaf Aralia	Polyscias guilfoylei	1
Giant Dracaena	Cordyline australis	1
Giant Dumb Cane	Dieffenbachia amoena	1
Giant Hogweed	Heracleum maximum	1
Glacier Ivy	Hedera helix	1
Gladiola	Gladiolus species	1
Gloriosa Lily	Gloriosa superba	1
Gold Dieffenbachia	Dieffenbachia picta	1
Gold Dust Dracaena	Dracaena surculosa	1
Golden Birds Nest	Sansevieria trifasciata	1
Golden Pothos	Epipremnum aureum	1
Golden Ragwort	Senecio species	1
Good Luck Plant	Oxalis spp.	1
Grapefruit	Citrus paradisii	1
Grass Palm	Cordyline australis	1
Greater Ammi	Ammi majus	1
Green Gold Naphthysis	Syngonium podophyllum	1
Ground Apple	Anthemis nobilis	1
Groundsel	Senecio species	1
Hahn's Self Branching English Ivy	Hedera helix	1
Hashish	Cannabis sativa	1
Hawaiian Ti	Giant Dracaena	1
Heartleaf Philodendron	Philodendron hederaceum	1
Heavenly Bamboo	Nandina domestica	1
Hellebore	Helleborus niger	1
Hercules' Club	Aralia spinosa	1
Hills of Snow	Hydrangea arborescens	1
Holly	Ilex opaca	1
Horse Chestnut	Aesculus glabra	1
Horsehead Philodendron	Philodendron bipennifolium	1
Horseweed	Erigeron speciosus	1
Hortensia	Hydrangea arborescens	1
Hosta	Hosta plataginea	1
Hurricane Plant	Monstera deliciosa	1
Hyacinth	Hyacinthus orientalis	1
Hydrangea	Hydrangea arborescens	1
Impala Lily	Adenium obesum	1
Inch Plant	Tradescantia flumeninsis	1
Indian Apple	Podophyllum peltatum	1
Indian Borage	Coleus ampoinicus	1
Indian Hemp	Apocynum androsaemifolium	1
Indian Hemp	Cannabis sativa	1
Indian Pink	Lobelia cardinalis	1
Indian Rubber Plant	Ficus benjamina	1
Inkberry	Ilex opaca	1
Iris	Iris species	1
Iron Cross Begonia	Begonia masoniana	1
Ivy Arum	Epipremnum aureum	1
Jack-in-the-pulpit	Arisaema triphyllum	1
Jade Plant	Crassula argentea	1
Japanese Show Lily	Lilium speciosum	1
Japanese Yew	Taxus sp.	1
Jerusalem Cherry	Solanum pseudocapsicum	1
Jerusalem Oak	Ambrosia mexicana	1
Jonquil	Narcissus jonquilla	1
Kaffir Lily	Clivia minata	1
Kalanchoe	Kalanchoe spp	1
Kiss-me-quick	Brunfelsia species	1
Klamath Weed	Hypericum perforatum	1
Kudu Lily	Adenium obesum	1
Lace Fern	Asparagus densiflorus cv sprengeri	1
Lacy Tree Philodendron	Philodendron selloum	1
Lady-of-the-night	Brunfelsia species	1
Lambkill	Kalmia augustifolia	1
Lantana	Lantana camara	1
Larkspur	Delphinium species	1
Laurel	Kalmia latifolia	1
Lavender	Lavendula angustifolia	1
Leatherflower	Clematis sp.	1
Leek	Allium ampeloprasum	1
Lemon	Citrus limonia	1
Lemon Grass	Cymbopogon citratus	1
Lemon Verbena	Aloysia triphylla	1
Lenten Rose	Helleborus niger	1
Lily	Lilium species	1
Lily of the Palace	Hippeastrum spp.	1
Lily of the Valley	Convallaria majalis	1
Lily-of-the-Valley Bush	Pieris japonica	1
Lime	Citrus aurantifolia	1
Lobelia	Lobelia cardinalis	1
Locust	Robinia spp.	1
Lord-and-Ladies	Arum maculatum	1
Lovage	Levisticum officinale	1
Madagascar Dragon Tree	Dracaena marginata	1
Malanga	Colocasia esculenta	1
Malaysian Dracaena	Dracaena reflexa	1
Maleberry	Lyonia sp.	1
Mapleleaf Begonia	Begonia cleopatra	1
Marble Queen	Scindapsus aureus	1
Marijuana	Cannabis sativa	1
Marjoram	Origanum majorana	1
Mauna Loa Peace Lily	Spathiphyllum	1
Mayapple	Podophyllum peltatum	1
Mayweed	Anthemis cotula	1
Meadow Saffron	Colchicum autumnale	1
Metallic Leaf Begonia	Begonia metallica	1
Mexican Breadfruit	Monstera deliciosa	1
Milfoil	Achillea millefolium	1
Milkweed	Asclepias species	1
Mint	Mentha sp.	1
Mistletoe "American"	Phoradendron flavescens	1
Mock Azalea	Adenium obesum	1
Mole Bean Plant	Ricinus communis	1
Morning Glory	Ipomoea spp	1
Morning-Noon-and-Night	Brunfelsia species	1
Moss Rose	Portulaca oleracea	1
Mother of Millions	Kalanchoe tubiflora	1
Mother-in-Law	Monstera deliciosa	1
Mother-In-Law Plant	Kalanchoe tubiflora	1
Mother-in-Law's Tongue	Sansevieria trifasciata	1
Mum	Chrysanthemum spp.	1
Naked Lady	Amaryllis spp.	1
Nandina	Nandina domestica	1
Narcissus	Narcissus spp	1
Nasturtium	Nasturtium officinale	1
Needlepoint Ivy	Hedera helix	1
Nephthytis	Syngonium podophyllum	1
Nicotiana	Nicotiana glauca	1
Nightshade	Solanum spp	1
Octopus Tree	Schefflera or Brassia actinoplylla	1
Oilcloth Flower	Anthurium scherzeranum	1
Oleander	Nerium oleander	1
Onion	Allium cepa	1
Orange	Citrus sinensis	1
Orange Day Lily	Hemerocallis graminea	1
Oregano	Origanum vulgare hirtum	1
Oregon Holly	Ilex opaca	1
Ornamental Pepper	Solanum pseudocapsicum	1
Pacific Yew	Taxus brevifolia	1
Painter's Pallette	Anthurium scherzeranum	1
Palm Lily	Cordyline australis	1
Panda Plant	Philodendron bipennifolium	1
Paper White	Narcissus spp	1
Paraguayan Jasmine	Brunfelsia species	1
Parsley	Petroselinum crispum	1
Peace Begonia	Begonia rex 'peace'	1
Peace Lily	Spathiphyllum	1
Peach	Prunus persica	1
Peacock Flower	Caesalpinia pulcherrima	1
Pencil Cactus	Euphorbia tirucalli	1
Peony	Paeonis officinalis	1
Periwinkle	Vinca rosea	1
Philodendron Pertusum	Philodendron spp	1
Pie Plant	Rheum rhabarbarium	1
Pieris	Pieris japonica	1
Pig Lily	Zantedeschia aethiopica	1
Pigtail Plant	Anthurium scherzeranum	1
Pink Pearl	Begonia semperflorens cultivar	1
Pinks	Dianthus caryophyllus	1
Plantain Lily	Hosta plantaginea	1
Plum	Prunus domestica	1
Plumosa Fern	Asparagus densiflorus cv sprengeri	1
Poinciana	Caesalpinia gilliessi	1
Poinsettia	Euphorbia pulcherrima	1
Poison Daisy	Anthemis cotula	1
Poison Hemlock	Conium maculatum	1
Poison Parsnip	Cicuta maculata	1
Portulaca	Portulaca oleracea	1
Pride-of-India	Melia azedarach	1
Primrose	Primula vulgaris	1
Privet	Ligustrum japonicum	1
Purslane	Portulaca oleracea	1
Racemose asparagus	Asparagus densiflorus cv sprengeri	1
Ragwort	Senecio species	1
Ranger's Button	Sphenosciadium capitellatum	1
Red Emerald	Philodendron bipennifolium	1
Red Lily	Lilium umbellatum	1
Red Princess	Philodendron bipennifolium	1
Red-Marginated Dracaena	Dracaena marginata	1
Rex Begonia	Begonia rex	1
Rhododendron	Rhododendron spp	1
Rhubarb	Rheum rhabarbarium	1
Ribbon Plant	Dracaena spp.	1
Ridderstjerne	Hippeastrum spp.	1
Rock Moss	Portulaca oleracea	1
Roman Chamomile	Anthemis nobilis	1
Rosary Pea	Abrus precatorius	1
Rosebay	Rhododendron spp	1
Rubrum Lily	Lilium speciosum	1
Running Myrtle	Vinca rosea	1
Sabi Star	Adenium obesum	1
Sacred Bamboo	Nandina domestica	1
Saddle Leaf	Philodendron bipennifolium	1
Sago Palm	Cycas revoluta, zamia species	1
Satin Pothos	Scindapsus pictus	1
Scented Geranium	Pelargonium sp.	1
Schefflera	Schefflera	1
Seaside Daisy	Erigeron speciosus	1
Seven Bark	Hydrangea arborescens	1
Shamrock Plant	Oxalis spp.	1
Shatavari	Asparagus densiflorus cv sprengeri	1
Showy Daisy	Erigeron speciosus	1
Silver Dollar	Crassula arborescens	1
Silver Jade Plant	Crassula arborescens	1
Skunk Cabbage	Symplocarpus foetidus	1
Snake Lilly	Iris species	1
Snake Plant	Sansevieria trifasciata	1
Solomon's Lily	Arum palestinum	1
Sorrel	Rumex scutatus	1
Sowbread	Cyclamen spp	1
Spanish Thyme	Coleus ampoinicus	1
Spindle Tree	Euonymus atropurpurea	1
Split Leaf Philodendron	Philodendron bipennifolium	1
Spotted Dumb Cane	Dieffenbachia amoena	1
Sprengeri Fern	Asparagus densiflorus cv sprengeri	1
Spring Parsley	Cymopterus watsonii	1
St. John's Wort	Hypericum perforatum	1
Staggerbush	Lyonia sp.	1
Starch Root	Arum maculatum	1
Stargazer Lily	Lilium orientalis	1
Starleaf	Brassaia actinophylla	1
Stinking Chamomile	Anthemis cotula	1
Straight-Margined Dracaena	Dracaena marginata	1
Striped Dracaena	Dracaena deremensis	1
Superb Lily	Gloriosa superba	1
Sweet Cherry	Prunus avium	1
Sweet William	Dianthus caryophyllus	1
Sweetheart Ivy	Hedera helix	1
Swiss Cheese Plant	Monstera deliciosa	1
Tahitian Bridal Veil	tradescantia multiflora	1
Tail Flower	Anthurium scherzeranum	1
Taro	Caladium hortulanum	1
Taro	Colocasia esculenta	1
Taro Vine	Epipremnum aureum	1
Tarragon	Artemisia dracunculus	1
Texas Umbrella Tree	Melia azedarach	1
Ti-Plant	Cordyline terminalis	1
Tiger Lily	Lilium tigrinum	1
Tobacco	Nicotiana glauca	1
Tomato Plant	Lycopersicon spp	1
Tree Philodendron	Philodendron selloum	1
Tree Tobacco	Nicotiana glauca	1
Tropic Snow	Dieffenbachia amoena	1
True Aloe	Aloe barbadensis	1
Trumpet Lily	Zantedeschia aethiopica	1
Tulip	Tulipa spp.	1
Umbrella Leaf	Podophyllum peltatum	1
Umbrella Tree	Brassaia actinophylla	1
Variable Dieffenbachia	Dieffenbachia picta	1
Variegated Inch Plant	Tradescantia flumeninsis	1
Variegated Laurel	Tradescantia flumeninsis	1
Variegated Philodendron	Scindapsus, Philodendron spp	1
Vinca	Vinca rosea	1
Virgin's Bower	Clematis sp.	1
Wahoo	Euonymus occidentalis	1
Wake Robin	Arum maculatum	1
Warneckei Dracaena	Dracaena deremensis	1
Water Flag	Iris species	1
Water Hemlock	Cicuta maculata	1
Wax-Leaf	Ligustrum japonicum	1
Weeping Fig	Ficus sp.	1
Western Yew	Taxus brevifolia	1
White Heads	Sphenosciadium capitellatum	1
Wild Arum	Arum palestinum	1
Wild Calla	Arum palestinum	1
Wild Carnation	Dianthus caryophyllus	1
Wild Coffee	Polyscias guilfoylei	1
Winter Cherry	Solanum pseudocapsicum	1
Winterberry	Ilex opaca	1
Wisteria	Wisteria spp.	1
Wood Lily	Lilium umbellatum	1
Yarrow	Achillea millefolium	1
Yellow Oleander	Thevetia peruviana	1
Yesterday, Today, Tomorrow	Brunfelsia species	1
Yew	Taxus spp.	1
Yew Pine	Podocarpus macrophylla	1
Yucca	Yucca spp.	1
Acorn Squash	Cucurbita pepo	0
African Daisy	Gerbera jamesonii	0
African Violet	Saintpaulia spp.	0
Algaroba	Prosopis limensis	0
Aluminum Plant	Pilea cadieri	0
Alumroot	Heuchera sanguinea	0
Alyssum	Alyssum spp.	0
American Rubber Plant	Peperomia obtusifolia	0
Amur Maple	Acer ginnala	0
Anthericum Comosum	Chlorophytum comosum	0
Antirrhinum Multiflorum	Antirrhinum multiflorum	0
Arabian Gentian	Exacum affine	0
Areca Palm	Dypsis lutescens	0
Aregelia	Neoregalia spp.	0
Artillery Plant	Pilea microphylla	0
Aspidium falcatum	Cyrtomium falcatum	0
Australian Pine	Araucaria heterophylla	0
Autumn Olive	Eleagnus spp.	0
Baby Rubber Plant	Peperomia obtusifolia	0
Baby's Breath	Gypsophila elegans	0
Baby's Tears	Hypoestes phyllostachya	0
Bachelors Buttons	Centaurea cyanus	0
Ball Fern	Davallia spp.	0
Bamboo	Phyllostachys aurea	0
Bamboo Palm	Chamaedorea elegans	0
Bamboo Vine	Smilax laurifolia	0
Banana	Musa acuminata	0
Banana Squash	Cucurbita maxima var. banana	0
Barberton Daisy	Gerbera jamesonii	0
Barnaby's Thistle	Centaurea solstitialis	0
Basil	Ocimum basilicum	0
Beets	Beta vulgaris	0
Begonia, Climbing	Cissus dicolor	0
Begonia, Trailing	Pellionia daveauana	0
Belmore Sentry Palm	Howea belmoreana	0
Big Shagbark Hickory	Carya laciniosa	0
Big Shellbark Hickory	Carya laciniosa	0
Bitter Pecan	Carya aquatica	0
Bitternut	Carya cordiformis	0
Black Haw	Viburnum lentago	0
Black Hawthorn	Crataegus douglasii	0
Black Walnut	Juglans nigra	0
Blackjack Pine	Pinus ponderosa	0
Blaspheme Vine	Smilax laurifolia	0
Bloodleaf	Iresine herbstii	0
Blooming Sally	Epilobium angustifolium	0
Blue Bead	Clintonia borealis	0
Blue Daisy	Felicia amelloides	0
Blue Echeveria	Echeveria glauca	0
Blue Eyed Daisy	Arctotis stoechadifolia	0
Blue-dicks	Dichelostemma pulchellum	0
Blue-dicks 2	Hookera pulchella	0
Blue-dicks 3	Brodiaea pulchella	0
Blue-eyed African Daisy	Arctotis stoechadifolia	0
Bluebottle	Centaurea cyanus	0
Blunt Leaf Peperomia	Peperomia obtusifolia	0
Blushing Bromeliad	Neoregalia spp.	0
Bold Sword Fern	Nephrolepis biserrata	0
Boston Fern	Nephrolepis exalta bostoniensis	0
Bottle Palm	Beaucarnea recurvata	0
Bottle Palm 2	Nolina tuberculata	0
Bottlebrush	Callistemon species	0
Brazilian Orchid	Sophronitis spp.	0
Bride's Bonnet	Clintonia uniflora	0
Bristly Greenbrier	Smilax hispida	0
Brodiaea Pulchella	Dichelostemma pulchellum	0
Broom Hickory	Carya laciniosa	0
Bullbrier	Smilax rotundifolia	0
Bur Gourd	Cucumis anguria	0
Burro's Tail	Sedum morganianum	0
Buttercup Squash	Cucurbita maxima cv buttercup	0
Butterfly Ginger	Hedychium coronarium	0
Butternut Squash	Cucurbita maxima cv butternut	0
Buzzy Lizzie	Impatiens spp.	0
Caeroba	Calathea insignis	0
Calathea	Calathea spp.	0
Calathea Lancifolia 2	Maranta insignis	0
Calathea Lancifolia 3	Calathea insignis	0
California Pitcher Plant	Darlingtonia californica	0
Callistemon Brachyandrus	Callistemon species	0
Callistemon citrinus	Callistemon citrinus	0
Callistemon viminalis	Callistemon viminalis	0
Calochortus nuttalli	Calochortus spp.	0
Camellia	Camellia japonica	0
Canada Hemlock	Tsuga canadensis	0
Canary Date Palm	Phoenix canariensis	0
Candle Plant	Plectranthus coleoides	0
Candycorn Plant	Hypocyrta nummularia	0
Cane Palm	Dypsis lutescens, chrysalidocarpus lutescens (alternate scientific name)	0
Canna	Canna indica	0
Canna Lily	Canna generalis	0
Canterbury-bell	Gloxinia perennis	0
Cape Marigold	Dimorphotheca pluvialis	0
Cape Primrose	Streptocarpus spp.	0
Carob	Ceratonia siliqua	0
Caroba	Jacaranda procera	0
Carolina Hemlock	Tsuga caroliniana	0
Carrion Flower	Smilax herbacea	0
Carrion Flower 2	Stapelia hirsata	0
Carrot Fern	Onychium japonica	0
Carrot Flower	Daucus carota var. sativa	0
Casaba Melon	Cucumis melo	0
Cast Iron Plant	Aspidistra elatior	0
Cat Brier	Smilax glabra	0
Cat Ear	Calochortus spp.	0
Cattleya Labiata	Cattleya labiata	0
Celosia Globosa	Celosia globosa	0
Celosia Plumosa	Celosia plumosa	0
Celosia Spicata	Celosia spicata	0
Chamaedorea	Chamaedorea elegans	0
Chaparral	Larrea tridentata	0
Chervil	Anthriscus cerefolium	0
Chestnut	Castanea dentata	0
Chicken-Gizzard	Iresine herbstii	0
Chickens and Hens	Echeveria elegans	0
Chin-lao-shu	Smilax glabra	0
China Aster	Callistephus chinensis	0
China Root	Smilax glabra	0
Chinese Plumbago	Ceratostigma willmottianum	0
Chlorophytum	Anthericum comosum	0
Chlorophytum bichetti	Chlorophytum bichetti	0
Chocolate Soldier	Episcia dianthiflora	0
Christmas Cactus	Schlumbergera bridgesii	0
Christmas Dagger	Polystichum acrostichoides	0
Christmas Orchid	Cattleya trianaei	0
Christmas Palm	Adonidia merrillii	0
Cilantro	Coriandrum sativum	0
Cinnamon	Cinnamomum zeylanicum	0
Cinquefoil	Potentilla spp.	0
Cirrhopetalum	Bulbophyllum appendiculatum	0
Clearweed	Pilea pumila	0
Cliff Brake	Pellaea rotundifolia	0
Club Moss	Selaginella kraussiana	0
Cocks Comb	Amaranthus hypochondriacus	0
Cocktail Orchid	Cattleya forbesii	0
Collinia Elegans	Chamaedorea elegans	0
Common Camellia	Camellia japonica; Thea japonica	0
Common Catbrier	Smilax rotundifolia	0
Common Garden Canna	Canna generalis	0
Common Greenbrier	Smilax rotundifolia	0
Common Snapdragon	Antirrhinum majus	0
Common Staghorn Fern	Platycerium bifurcatum	0
Confederate Jasmine	Trachelospermum jasminoides	0
Coolwort	Pilea pumila	0
Copper Rose	Echeveria multicaulis	0
Coral Bells	Heuchera sanguinea	0
Coreopsis	Coreopsis spp.	0
Cornflower	Centaurea cyanus	0
Crape Myrtle	Lagerstroemia indica	0
Creeping Charlie	Pilea nummulariifolia	0
Creeping Gloxinia	Asarina erubescens	0
Creeping Mahonia	Mahonia aquifolium	0
Creeping Pilea	Pilea nummulariifolia	0
Creeping Rubus	Rubus pedatus	0
Creeping Zinnia	Sanvitalia spp.	0
Crepe Myrtle	Lagerstroemia indica	0
Crimson Bottlebush	Callistemon species	0
Crimson Cup	Neoregalia spp.	0
Crisped Feather Fern	Nephrolepis biserrata	0
Crossandra	Crossandra species	0
Cucumber	Cucumis sativus	0
Cushion Aloe	Aloe retusa	0
Cushion Moss	Selaginella kraussiana	0
Cyrtudeira	Episcia reptans	0
Dainty Rabbits-Foot Fern	Davallia fejeensis	0
Dallas Fern	Nephrolepis biserrata	0
Dancing Doll Orchid	Oncidium flexuosum	0
Desert Trumpet	Eriogonium inflatum	0
Dichelostemma	Dichelostemma species	0
Dichorisandra Reginae	Dichorisandra reginae	0
Dill	Anethum graveolena	0
Dinteranthus	Dinteranthus vanzylii	0
Duffii Fern	Nephrolepsis cordifolia 'duffii'	0
Dwarf Date Palm	Phoenix acaulis	0
Dwarf Feather Palm	Nephrolepis exalta	0
Dwarf Palm	Chamaedorea elegans	0
Dwarf Rose-Stripe Star	Cryptanthus bivattus minor	0
Dwarf Royal Palm	Veitchia merillii	0
Dwarf Whitman Fern	Nephrolepsis cordifolia plumosa	0
Earth Star	Cryptanthus bivattus minor	0
Easter Cattleya	Cattleya mossiae	0
Easter Daisy	Townsendia sericea	0
Easter Lily Cactus	Echinopsis multiplex	0
Easter Orchid	Cattleya mossiae	0
Edible Banana	Musa acuminata	0
Emerald Ripple Peperomia	Peperomia caperata	0
English Hawthorn	Crataegus laevigata	0
Episcia	Episcia dianthiflora	0
Fairy Fountain	Celosia cristata	0
False Aralia	Dizygotheca elegantissima	0
Fan Tufted Palm	Rhapis flabelliformis	0
Feather Palm	Nephrolepis exaltata	0
Fennel	Foeniculum vulgare	0
Fiery Reed Orchid	Epidendrum ibaguense	0
Fig Leaf Gourd	Cucurbita ficifolia	0
Figleaf Palm	Fatsia japonica	0
Fingernail Plant	Neoregelia spectabilis	0
Fire Weed	Epilobium angustifolium	0
Fish Tail Fern	Cyrtomium falcatum	0
Flame African Violet	Episcia reptans	0
Flame of the Woods	Ixora coccinea	0
Florida Butterfly Orchid	Encyclia tampensis	0
Florida Butterfly Orchid	Epidendrum tampense	0
Fluffy Ruffles	Nephrolepsis exalta	0
Forster Sentry Palm	Howea forsteriana	0
Fortunes Palm	Trachycarpus fortunei	0
Freckle Face	Hypoestes phyllostachya	0
Friendship Plant	Pilea involucrata	0
Garden Marigold	Calendula officinalis	0
Garden Snapdragon	Antirrhinum majus	0
Gerber Daisy	Gerbera jamesonii	0
German Violet	Exacum affine	0
Gherkins	Cucumis sativus	0
Ghost Leafless Orchid	Polyrrhiza lindenii	0
Ghost Plant	Sedum weinbergii	0
Giant Aster	Townsendia sericea	0
Giant Holly Fern	Ploystichum munitum	0
Giant Touch-Me-Not	Impatiens spp.	0
Giant White Inch Plant	Albiflora spp.	0
Globe Thistle	Echinops spp.	0
Gloxinia	Sinningia speciosa	0
Gold Bloom	Calendula officinalis	0
Gold-Fish Plant	Hypocyrta nummularia	0
Golden Bells	Oleaceae	0
Golden Butterfly Palm	Dypsis lutescens	0
Golden Lace Orchid	Haemaria discolor	0
Golden Shower Orchid	Oncidium sphacelatum	0
Good Luck Palm	Chamaedorea elegans	0
Grape Hyacinth	Muscari armeniacum	0
Grape Ivy	Cissus rhombifolia	0
Great Willow Herb	Epilobium angustifolium	0
Green Ripple Peperomia	Peperomia caperata	0
Greenbrier	Smilax glabra	0
Hagbrier	Smilax hispida	0
Hardy Baby Tears	Sedum album	0
Hardy Gloxinia	Incarvillea delavayi	0
Hare Fern	Davallia spp.	0
Haworthia	Haworthia species	0
Haws	Crataegus species	0
Haws Apple	Crataegus species	0
Hawthorn	Crataegus species	0
Hedgehog Gourd	Cucumis dipsaceus	0
Hellfetter	Smilax hispida	0
Hemlock Tree	Tsuga species	0
Hen and Chickens Fern	Asplenium bulbiferum	0
Hens and Chickens	Echeveria elegans	0
Hibiscus	Hibiscus syriacus	0
Hindu Rope Plant	Hoya carnosa 'krinkle kurl'	0
Hoary Alyssum	Berteroa incana	0
Holligold	Calendula officinalis	0
Holly Fern	Cyrtomium falcatum	0
Hollyhock	Alcea rosea	0
Honey Locust	Gleditsia triacanthos	0
Honey Plant	Hoya carnosa	0
Honeydew Melon	Cucumis melo	0
Honeysuckle Fuchsia	Fuchsia triphylla	0
Hookera pulchella	Dichelostemma pulchellum	0
Hubbard Squash	Cucurbita maxima var. hubbard	0
Hypocyrta	Hypocyrta nummularia	0
Ice Plant	Lampranthus piquet	0
Impatience Plant	Impatiens spp.	0
Irish Moss	Selaginella kraussiana	0
Iron Tree	Ixora coccinea	0
Ivy Peperomia	Peperomia griseoargentea	0
Jackson Brier	Smilax lanceolata	0
Jacob's Ladder	Smilax herbacea	0
Japanese Aralia	Fatsia japonica	0
Japanese Holly Fern	Cyrtomium falcatum	0
Japanese Moss	Selaginella kraussiana	0
Japanese Pittosporum	Pittosporum tobira	0
Jasmine	Jasminum species	0
Jewel Orchid	Haemaria discolor	0
Joseph's Coat	Iresine herbstii	0
Jungle Geranium	Ixora javanica	0
Kaempferia	Kaempferia spp.	0
Kahali Ginger	Hedychium gardnerianum	0
Kenilworth Ivy	Cymbalaria muralis	0
Kentia Palm	Howea forsteriana	0
Kenya Violet	Saintpaulia confusa	0
Kharoub	Ceratonia siliqua	0
King and Queen Fern	Asplenium bulbiferum	0
King Nut	Carya laciniosa	0
King of the Forest	Anoectuchilus setaceus	0
Kuang-yen-pa-hsieh	Smilax glabra	0
Lace Flower Vine	Episcia dianthiflora	0
Lace Orchid	Odontoglossum crispum	0
Ladies Ear Drops	Fuschsia spp.	0
Lady Lou	Episcia reptans	0
Lady Palm	Rhapis flabelliformus	0
Lady Slipper	Impatiens spp.	0
Lagerstroemia Indica	Lagerstroemia indica	0
Lance Pleomele	Draceana spp.	0
Laurel-Leaved Greenbrier	Smilax laurifolia	0
Leather Peperomia	Peperomia crassifolia	0
Lemon Balm	Melissa officinalis	0
Leopard Orchid	Dendrobium gracilicaule	0
Lesser Snapdragon	Antirrhinum orontium	0
Lily of the Valley Orchid	Odontoglossum pulchellum	0
Linden	Tilia americana	0
Lipstick Plant	Aeschynanthus humilis	0
Little Fantasy Peperomia	Peperomia caperata	0
Little Zebra Plant	Haworthia subfasciata	0
Living Rock Cactus	Pleiospilos bolusii	0
Living Stones	Lithops naureeniae	0
Loco Weed	Oxytropis spp.	0
Locust Pods	Ceratonia siliqua	0
Madagascar Jasmine	Stephanotis floribunda	0
Magnolia Bush	Magnolia stellata	0
Mahonia	Mahonia aquifolium	0
Majesty Palm	Ravenea rivularis	0
Malabar Gourd	Cucurbita ficifolia	0
Manila Palm	Veitchia merrillii	0
Maranta	Calathea insignis	0
Marbled Fingernail	Neoregelia spectabilis	0
Mariposa Lily	Calochortus gunnisonii	0
Maroon	Echeveria multicaulis	0
Maroon Chenille Plant	Echeveria derenbergii	0
Mary-Bud	Calendula officinalis	0
Measles Plant	Acantha	0
Metallic Peperomia	Peperomia caperata	0
Mexican Firecracker	Echeveria Pulinata	0
Mexican Rosettes	Echevaria	0
Mexican Snowballs	Echevaria	0
Miniature Date Palm	Phoenix robellinii	0
Miniature Fish Tail	Chamaedorea elegans	0
Miniature Maranta	Calathea micans	0
Miniature Marble Plant	Neoregelia spectabilis	0
Mistletoe Cactus	Rhipsalis cassutha	0
Mockernut Hickory	Carya tomentosa	0
Money Tree	Pachira aquatica	0
Mosaic Plant	Bertolonia mosaica	0
Mosaic Vase	Guzmania musaica	0
Moss Agate	Episcia reptans	0
Moss Campion	Silene acaulis	0
Moss Fern	Selaginella kraussiana	0
Moss Phlox	Phlox subulata	0
Mossy Campion	Silene acaulis	0
Mother Fern	Asplenium bulbiferum	0
Mother of Pearl	Secum weinbergii	0
Mother Spleenwort	Asplenium bulbiferum	0
Mountain Camellia	Stewartia ovata	0
Mountain Grape	Mahonia aquifolium	0
Mulberry Bush Greenbrier	Smilax sp.	0
Mulberry Tree	Morus sp.	0
Musa Paradisiaca	Musa acuminata	0
Muscari Armeniacum	Muscari armeniacum	0
Muskmelon	Cucumis melo	0
Nasturtium	Tropaeolum majus	0
Natal Plum	Carissa grandiflora	0
Neanthe Bella Palm	Chamaedorea elegans	0
Nematanthus spp.	Hypocyrta nummularia	0
Neoregelia	Neoregalia spp.	0
Nerve Plant	Fittonia verschaffeltii	0
Night Blooming Cereus	Hylocereus undatus	0
Old Man Cactus	Cephalocereus senilis	0
Old World Orchid	Bulbophyllum appendiculatum	0
Orange Star	Guzmania lingulata minor	0
Oregon Grape	Mahonia aquifolium	0
Ossifragi Vase	Neoregalia spp.	0
Paddys Wig	Soleirolia soleirolii	0
Painted Lady	Echeveria multicaulis	0
Pampas Grass	Cortaderia selloana	0
Panamiga	Pilea involucrata	0
Pansy Orchid	Miltonia roezlii alba	0
Paradise Palm	Howea forsteriana	0
Parlor Palm	Chamaedorea elegans	0
Parsley Fern	Asplenium bulbiferum	0
Patient Lucy	Impatiens spp.	0
Patient Plant	Impatiens spp.	0
Peacock Plant	Kaempferia	0
Pearl Plant	Haworthia margaritifera	0
Pearly Dots	Haworthia margaritifera	0
Peperomia Hederifolia	Peperomia griseoargentea	0
Peperomia Peltfolia	Peperomia peltifolia	0
Peperomia Rotundifolia	Peperomia rotundifolia	0
Peperomia Sandersii	Peperomia sandersii	0
Pepper Face	Peperomia obtusifolia	0
Persian Violet	Exacum affine	0
Peruvian Lily	Alstroemeria	0
Petunia	Petunia species	0
Phalaenopsis Orchid	Phalaenopsis sp.	0
Pheasant Plant	Cryptanthus zonatus	0
Piggy Back Plant	Tolmeia menziesii	0
Pignut Hickory	Carya glabra	0
Pilea Microphylla	Pilea microphylla	0
Pilea Mucosa	Pilea microphylla	0
Pincushion Flower	Leucospermum incisum	0
Pink Brocade	Episcia cultivar	0
Pink Splash	Hypoestes phyllostachya	0
Pink Starlite	Cryptanthus bivattus minor	0
Pirliteiro	Crataegus species	0
Pitaya	Hylocereus undatus	0
Plantanus Occidentalis	Plantanus occidentalis	0
Platinum Peperomia	Peperomia griseoargentea	0
Platycerium Alcicorne	Platycerium alcicorne	0
Plumbago Larpentiae	Ceratostigma larpentiae	0
Plush Plant	Echeveria pul-oliver	0
Poison Ivy	Toxicodendron species	0
Poison Oak	Toxicodendron species	0
Poison Sumac	Toxicodendron species	0
Polka Dot Plant	Hypoestes phyllostachya	0
Polystichum Falcatum	Cyrtomium falcatum	0
Pony Tail	Beaucarnea recurvata	0
Porcelain Flower	Hoya carnosa 'krinkle kurl'	0
Pot Marigold	Calendula officinalis	0
Prairie Lily	Zephyranthes drummondii	0
Prayer Plant	Calathea insignis	0
Prostrate Coleus	Plectranthus oetendahlii	0
Pupleosier Willow	Salix purpurea	0
Purple Baby Tears	Frithia pulchra	0
Purple Passion Vine	Gynura aurantica	0
Purple Velvet Plant	Gynura aurantica	0
Purple Waffle Plant	Hemigraphis exotica	0
Queencup	Clintonia uniflora	0
Queens Spiderwort	Dichorisandra reginae	0
Queensland Arrowroot	Canna edulis	0
Rabbits Foot Fern	Davallia spp.	0
Rainbow Orchid	Epidendrum prismatocarpum	0
Red African Violet	Episcia reptans	0
Red Berried Greenbrier	Smilax walteria	0
Red Edge Peperomia	Peperomia clusiifolia	0
Red Hawthorne	Crataegus species	0
Red Maple	Acer rubrum	0
Red Palm Lily	Cordyline rubra	0
Red Veined Prayer	Calathea insignis	0
Reed Palm	Chamaedorea elegans	0
Resurrection Lily	Kaempferia	0
Rhynchophorum	Peperomia obtusifolia	0
Ribbon Plant	Chlorophytum comosum	0
Roosevelt Fern	Nephrolepis biserrata	0
Rose	Rosa Species	0
Rose of China	Hibiscus syriacus	0
Rose of Sharon	Hibiscus syriacus	0
Rosemary	Rosmarinus officinalis	0
Russian Knapweed	Centaurea repens	0
Russian Olive	elaeagnus species	0
Saffron Spike Zebra	Aphelandra squarrosa	0
Sage	Salvia officinalis	0
Saint Bernards Lily	Anthericum liliago	0
Salad Burnet	Poterium sanguisorba	0
Sand Lily	Leucocrinum montanum	0
Sand Verbena	Abronia fragrans	0
Satin Pellionia	Pellonia pulchra	0
Savory	Satureja hortensis	0
Sawbrier	Smilax glauca	0
Scabious	Leucospermum incisum	0
Scarborough Lily	Vallota speciosa	0
Scarlet Orchid	Epidendrum tampense	0
Scarlet Sage	Salvia coccinea	0
Sego Lily	Calochortus gunnisonii	0
Shagbark Hickory	Carya laciniosa	0
Shan Ku'ei-lai	Smilax glabra	0
Shellbark Hickory	Carya laciniosa	0
Shrimp Cactus	Schlumbergera russelliana	0
Silver Bell	Halesia carolina	0
Silver Berry	elaeagnus species	0
Silver Heart	Peperomia caperata	0
Silver Pink Vine	Hoya publcalyx	0
Silver Star	Cryptanthus lacerdae	0
Silver Table Fern	Pteris sp.	0
Silver Tree Anamiga	NONE LISTED	0
Slender Deutzia	Deutzia gracilis	0
Small Fruited Hickory	Carya glabra	0
Smilax Tamnoides Vas	Smilax hispida	0
Speckled Wood Lily	Clintonia umbelluata	0
Spice Orchid	Epidendrum atropurpeum	0
Spice Orchid	Epidendrum ibaguense	0
Spider Flower	Cleome hasserlana	0
Spider Ivy	Chlorophytum comosum	0
Spider Plant	Chlorophytum comosum	0
Star Jasmine	Trachelospermum jasminoides	0
Star Lily	Leucocrinum montanum	0
Star Plant	Cryptanthus bivattus minor	0
Stevia	Stevia rebaudiana	0
Strawberry	Fragaria spp.	0
Striped Blushing	Neoregalia spp.	0
Sudan Grass	Sorghum vulgare var sudanesis	0
Sugar Pods	Ceratonia siliqua	0
Sulfur Flower	Eriogonium umbellatum	0
Summer Hyacinth	Galtonia spp.	0
Sunflower	helianthus angustifolius	0
Swamp Sunflower	helianthus angustifolius	0
Swedish Ivy	Plectranthus australis	0
Sweet Pea	Lathyrus latifolius	0
Sweet Potato Vine	Ipomoea batatas	0
Sweetheart Hoya	Hoya kerrii	0
Sword Fern	Nephrolepis biserrata	0
Tailed Orchid	Masdevallia spp.	0
Tall Feather Fern	Nephrolepis biserrata	0
Tall Mahonia	Mahonia aquifolium	0
Tangerine Impatience	Impatiens spp.	0
Teasel Gourd	Cucumis dipsaceus	0
Texas Sage	Salvia coccinea	0
Thea Japonica	Camellia japonica	0
Thimble Cactus	Mammillaria fragilis	0
Thorn Apple	Crataegus douglasii	0
Thyme	Thymus vulgaris	0
Ti hu-ling	Smilax glabra	0
Tickseed	Coreopsis californica	0
Tiger Orchid	Haemaria discolor	0
Toad Spotted Cactus	Stapelia variegata	0
Torch Lily	Kniphofia	0
Tous-les-mois	Canna edulis	0
Trailing Peperomia	Peperomia prostata	0
Tree Cactus	Opuntia species	0
Tree Gloxinia	Kohleria lindeniana	0
Tropical Moss	Selaginella kraussiana	0
True Cantaloupe	Cucumis melo	0
Tu Fu-Ling	Smilax glabra	0
Tulip Poplar	Liriodendron tulipifera	0
Turban Squash	Cucurbita maxima cv turbaniformis	0
Turf Lily	Liriope muscari	0
Umbrella Plant	Eriogonium umbellatum	0
Urbinia Agavoides	Echeveria elegans	0
Usambara Violet	Santpaulia confusa	0
Variegated Wax Plant	Echeveria sp.	0
Velvet Plant	Gynura aurantica	0
Venus Fly Trap	Dionaea muscipula	0
Verona Fern	Nephrolepis biserrata	0
Verona Lace Fern	Nephrolepis biserrata	0
Vining Peperomia	Peperomia serpens variegata	0
Violet Slipper Gloxinia	Sinningia speciosa	0
Waffle Plant	Hemigraphis exotica	0
Walking Anthericum	Chlorophytum comosum	0
Washington Hawthorn	Crataegus species	0
Water Hickory	Carya aquatica	0
Water Hyacinth	Eichhornia crassipes	0
Watermelon Begonia	Peperomia argyreia	0
Watermelon Peperomia	Peperomia argyreia	0
Watermelon Pilea	Pilea cadieri	0
Wax Plant	Hoya carnosa 'krinkle kurl'	0
Wax Rosette	Echeveria gilva	0
Weeping Bottlebrush	Callistemon species	0
Weeping Sargent Hemlock	Tsuga species	0
Weisdornbluten	Crataegus species	0
West Indian Gherkin	Cucumis anguria	0
Western Sword	Ploystichum munitum	0
White Edged Swedish Ivy	Plectranthus australis	0
White Ginger	Hedychium coronarium	0
White Heart Hickory	Carya tomentosa	0
Whitman Fern	Nephrolepis biserrata	0
Wild Buckwheat	Eriogonium umbellatum	0
Wild Hyacinth	Dichelostemma pulchellum	0
Wild Lantana	Abronia fragrans	0
Wild Sasparilla	Smilax glauca	0
Wild Strawberry	Fragaria	0
Willow Herb	Epilobium angustifolium	0
Windmill Palm	Trachycarpus fortunei	0
Winter Cattleya	Cattleya trianaei	0
Withered Snapdragon	Anthirrhinum multiflorum	0
Woolflower	Celosia cristata	0
Yellow Bloodleaf	Iresine herbstii	0
Yellow Palm	Dypsis lutescens	0
Yellow-Flowered Gourd	Cucurbita species	0
Yellowrocket	Barbarea vulgaris	0
Yorba Linda	Peperomia rotundifolia	0
Zebra Haworthia	Haworthia fasciata	0
Zinnia	Zinnia species	0
Zucchini Squash	Cucurbia pepo cv zucchini	0
